<addon id="service.showproviders"
       name="Show Providers Service"
       version="1.0.0"
       provider-name="Peppix"
       type="xbmc.python.service">
    <requires>
        <import addon="xbmc.python" version="3.0.0"/>
        <import addon="plugin.video.themoviedb.helper"/>
    </requires>
    <extension point="xbmc.service" library="service.py"/>
    <extension point="xbmc.addon.metadata">
        <summary>Mostra i provider per i contenuti selezionati</summary>
        <description>Questo servizio mostra un popup con l'elenco dei provider disponibili per il contenuto selezionato nei widget.</description>
        <platform>all</platform>
    </extension>
</addon>